Technology	Center	Beta-Binomial Log-Likelihood	Binomial Log-Likelihood	Mean Coverage	Coverage STD	Num Loci	Num Alleles
hifi	Broad	-1912368.619622103	-2905843.8547800826	99.81820103220868	17.46200334120735	340503	700246
hifi	UW	-1581345.7584877606	-2133851.5877158875	66.50099106612439	13.48497825250591	340508	700256
hifi	BCM	-1932088.3346263904	-2934726.4976427834	104.98306265959087	19.12627158368664	340497	700228
hifi	WashU	-1873098.9327527941	-2777850.7853618683	100.14663755383684	16.2427886728861	340509	700264
ontStd	BCM	-3083382.9902718416	-6493428.910988431	110.24726192686096	12.981374825506483	340524	700310
ontStd	UW	-2318492.2793911174	-4612363.173376633	58.490331028239424	9.493756305280813	340527	700333
